Workbook

Sheet Leia-me
A1: Curtailment fotovoltaico — amostra
A3: O que é este arquivo | B3: Amostra gerada a partir dos dados reais do ONS (RESTRICAO_COFF_FOTOVOLTAICA_2026_08 e _2026_09) e do PLD médio semanal publicado pela CCEE. Serve para você conferir o formato antes de escolher os conjuntos definitivos.
A4: Período | B4: 01/08/2026 a 07/09/2026
A5: Conjuntos | B5: 84 conjuntos fotovoltaicos — todos os que o ONS publicou no período. Na versão final entram apenas os seus.
A6: Gerado em | B6: 09/09/2026 11:01 UTC
A8: Fontes
A9: ONS — constrained-off FV | B9: https://dados.ons.org.br/dataset/restricao_coff_fotovoltaica
A10: ONS — fator de capacidade 2 | B10: https://dados.ons.org.br/dataset/fator-capacidade-2 (latitude/longitude e capacidade instalada)
A11: CCEE — PLD médio semanal | B11: https://dadosabertos.ccee.org.br/dataset/pld_media_semanal
A12: CCEE — PLD horário | B12: https://dadosabertos.ccee.org.br/dataset/pld_horario_submercado (usado na versão diária quando já publicado)
A14: Como as contas são feitas
A15: Energia não gerada (MWh) | B15: val_geracaonaorealizadaapurada (GNRa, em MWmed) × 0,5 h — cada registro do ONS é um patamar semi-horário. Só contam os patamares em que o ONS declarou razão de restrição.
A16: % do potencial | B16: Energia não gerada ÷ energia de referência (val_geracaoreferencia × 0,5 h) no período.
A17: Valor (R$) | B17: Energia não gerada × PLD do submercado. NESTA AMOSTRA o PLD é a média semanal da CCEE (o PLD horário de ago/set 2026 ainda não foi publicado); na versão diária usa-se o PLD horário assim que sai. É valor de mercado da energia perdida — custo de oportunidade — e não o ressarcimento de constrained-off apurado pela CCEE.
A18: PLD por mês/submercado | B18: Ver aba 'PLD'. O preço aplicado a cada mês é a média semanal ponderada pelo corte diário daquele submercado.
A20: Razões de restrição (ONS)
A21: REL | B21: Indisponibilidade externa (elétrica)
A22: CNF | B22: Confiabilidade
A23: ENE | B23: Razão energética
A24: PAR | B24: Restrição do parecer de acesso
A26: Aviso | B26: O ONS revisa os dados após a publicação; meses recentes mudam. Números em azul são entradas; os demais são fórmulas.

Sheet Resumo
A1: Resumo por conjunto — usinas fotovoltaicas
A2: Tudo aqui é SUMIFS sobre a aba 'Mensal'; recalcula sozinho se você editar os dados.
A4: Conjunto | B4: ID ONS | C4: Submercado | D4: UF | E4: Capacidade (MW) | F4: REL (MWh) | G4: CNF (MWh) | H4: ENE (MWh) | I4: PAR (MWh) | J4: MWh não gerados | K4: Valor (R$) | L4: R$/MWh médio | M4: Latitude | N4: Longitude | O4: Agente
A5: Assú V | B5: RNFVAE | C5: Nordeste | D5: RN | E5: 34 | F5: =SUMIFS(Mensal!$F$5:$F$169,Mensal!$B$5:$B$169,$B5) -> 143.9 | G5: =SUMIFS(Mensal!$G$5:$G$169,Mensal!$B$5:$B$169,$B5) -> 804.4 | H5: =SUMIFS(Mensal!$H$5:$H$169,Mensal!$B$5:$B$169,$B5) -> 2721.9 | I5: =SUMIFS(Mensal!$I$5:$I$169,Mensal!$B$5:$B$169,$B5) -> 0 | J5: =SUM(F5:I5) -> 3670.2 | K5: =SUMIFS(Mensal!$N$5:$N$169,Mensal!$B$5:$B$169,$B5) -> 499160.8 | L5: =IFERROR(K5/J5,"") -> 136.00371 | M5: -5.5460043 | N5: -37.02639 | O5: ENGIE
A6: Conj. Abaiara 230 kV | B6: CJU_CEAB2 | C6: Nordeste | D6: CE | E6: 163.701 | F6: =SUMIFS(Mensal!$F$5:$F$169,Mensal!$B$5:$B$169,$B6) -> 9 | G6: =SUMIFS(Mensal!$G$5:$G$169,Mensal!$B$5:$B$169,$B6) -> 0 | H6: =SUMIFS(Mensal!$H$5:$H$169,Mensal!$B$5:$B$169,$B6) -> 11784.5 | I6: =SUMIFS(Mensal!$I$5:$I$169,Mensal!$B$5:$B$169,$B6) -> 0 | J6: =SUM(F6:I6) -> 11793.5 | K6: =SUMIFS(Mensal!$N$5:$N$169,Mensal!$B$5:$B$169,$B6) -> 1665680.2 | L6: =IFERROR(K6/J6,"") -> 141.23714 | M6: -7.391467 | N6: -38.970836 | O6: VOLTALIA
A7: Conj. Alex | B7: CJU_CEUFAL | C7: Nordeste | D7: CE | E7: 278.397 | F7: =SUMIFS(Mensal!$F$5:$F$169,Mensal!$B$5:$B$169,$B7) -> 2547.9 | G7: =SUMIFS(Mensal!$G$5:$G$169,Mensal!$B$5:$B$169,$B7) -> 0 | H7: =SUMIFS(Mensal!$H$5:$H$169,Mensal!$B$5:$B$169,$B7) -> 16928.7 | I7: =SUMIFS(Mensal!$I$5:$I$169,Mensal!$B$5:$B$169,$B7) -> 0 | J7: =SUM(F7:I7) -> 19476.6 | K7: =SUMIFS(Mensal!$N$5:$N$169,Mensal!$B$5:$B$169,$B7) -> 2682327.2 | L7: =IFERROR(K7/J7,"") -> 137.7205 | M7: -5.269671 | N7: -37.967945 | O7: ELERA RENOVAVEIS
A8: Conj. Araxá | B8: CJU_MGARX | C8: Sudeste/CO | D8: MG | E8: 90 | F8: =SUMIFS(Mensal!$F$5:$F$169,Mensal!$B$5:$B$169,$B8) -> 0 | G8: =SUMIFS(Mensal!$G$5:$G$169,Mensal!$B$5:$B$169,$B8) -> 0 | H8: =SUMIFS(Mensal!$H$5:$H$169,Mensal!$B$5:$B$169,$B8) -> 9080.1 | I8: =SUMIFS(Mensal!$I$5:$I$169,Mensal!$B$5:$B$169,$B8) -> 0 | J8: =SUM(F8:I8) -> 9080.1 | K8: =SUMIFS(Mensal!$N$5:$N$169,Mensal!$B$5:$B$169,$B8) -> 1248314 | L8: =IFERROR(K8/J8,"") -> 137.478 | M8: -19.762602 | N8: -47.047783 | O8: VISUS ENGENHARIA
A9: Conj. Arinos 2 500 kV | B9: CJU_MGARN | C9: Sudeste/CO | D9: MG | E9: 1189.867 | F9: =SUMIFS(Mensal!$F$5:$F$169,Mensal!$B$5:$B$169,$B9) -> 81.6 | G9: =SUMIFS(Mensal!$G$5:$G$169,Mensal!$B$5:$B$169,$B9) -> 0 | H9: =SUMIFS(Mensal!$H$5:$H$169,Mensal!$B$5:$B$169,$B9) -> 100127.1 | I9: =SUMIFS(Mensal!$I$5:$I$169,Mensal!$B$5:$B$169,$B9) -> 0 | J9: =SUM(F9:I9) -> 100208.7 | K9: =SUMIFS(Mensal!$N$5:$N$169,Mensal!$B$5:$B$169,$B9) -> 14037920 | L9: =IFERROR(K9/J9,"") -> 140.08683 | M9: -15.737569 | N9: -45.965895 | O9: VOLTALIA
A10: Conj. Assu Sol | B10: CJU_RNASO | C10: Nordeste | D10: RN | E10: 752.651 | F10: =SUMIFS(Mensal!$F$5:$F$169,Mensal!$B$5:$B$169,$B10) -> 2729.5 | G10: =SUMIFS(Mensal!$G$5:$G$169,Mensal!$B$5:$B$169,$B10) -> 16074 | H10: =SUMIFS(Mensal!$H$5:$H$169,Mensal!$B$5:$B$169,$B10) -> 66793.5 | I10: =SUMIFS(Mensal!$I$5:$I$169,Mensal!$B$5:$B$169,$B10) -> 0 | J10: =SUM(F10:I10) -> 85597 | K10: =SUMIFS(Mensal!$N$5:$N$169,Mensal!$B$5:$B$169,$B10) -> 11528360 | L10: =IFERROR(K10/J10,"") -> 134.68182 | M10: -5.59 | N10: -37.0346 | O10: ENGIE
A11: Conj. Açú III 230 kV | B11: CJU_RNMEND | C11: Nordeste | D11: RN | E11: 452.412 | F11: =SUMIFS(Mensal!$F$5:$F$169,Mensal!$B$5:$B$169,$B11) -> 2102.6 | G11: =SUMIFS(Mensal!$G$5:$G$169,Mensal!$B$5:$B$169,$B11) -> 9907.1 | H11: =SUMIFS(Mensal!$H$5:$H$169,Mensal!$B$5:$B$169,$B11) -> 36470.4 | I11: =SUMIFS(Mensal!$I$5:$I$169,Mensal!$B$5:$B$169,$B11) -> 0 | J11: =SUM(F11:I11) -> 48480.1 | K11: =SUMIFS(Mensal!$N$5:$N$169,Mensal!$B$5:$B$169,$B11) -> 6340812.6 | L11: =IFERROR(K11/J11,"") -> 130.79207 | M11: -5.615819 | N11: -37.035712 | O11: ENGEPAT
A12: Conj. BJL | B12: CJU_BABJL | C12: Nordeste | D12: BA | E12: 40 | F12: =SUMIFS(Mensal!$F$5:$F$169,Mensal!$B$5:$B$169,$B12) -> 1100.7 | G12: =SUMIFS(Mensal!$G$5:$G$169,Mensal!$B$5:$B$169,$B12) -> 330.6 | H12: =SUMIFS(Mensal!$H$5:$H$169,Mensal!$B$5:$B$169,$B12) -> 4518.2 | I12: =SUMIFS(Mensal!$I$5:$I$169,Mensal!$B$5:$B$169,$B12) -> 0 | J12: =SUM(F12:I12) -> 5949.5 | K12: =SUMIFS(Mensal!$N$5:$N$169,Mensal!$B$5:$B$169,$B12) -> 802489.31 | L12: =IFERROR(K12/J12,"") -> 134.88349 | M12: -13.316116 | N12: -43.46364 | O12: VISUS ENGENHARIA
A13: Conj. Babilônia Centro | B13: CJU_BA4FBBC | C13: Nordeste | D13: BA | E13: 199.96 | F13: =SUMIFS(Mensal!$F$5:$F$169,Mensal!$B$5:$B$169,$B13) -> 510.9 | G13: =SUMIFS(Mensal!$G$5:$G$169,Mensal!$B$5:$B$169,$B13) -> 396.2 | H13: =SUMIFS(Mensal!$H$5:$H$169,Mensal!$B$5:$B$169,$B13) -> 19292.4 | I13: =SUMIFS(Mensal!$I$5:$I$169,Mensal!$B$5:$B$169,$B13) -> 0 | J13: =SUM(F13:I13) -> 20199.5 | K13: =SUMIFS(Mensal!$N$5:$N$169,Mensal!$B$5:$B$169,$B13) -> 2772128.8 | L13: =IFERROR(K13/J13,"") -> 137.2375 | M13: -11.0172 | N13: -41.304 | O13: CVER
A14: Conj. Babilônia Sul | B14: CJU_BA4FBBS | C14: Nordeste | D14: BA | E14: 99.96 | F14: =SUMIFS(Mensal!$F$5:$F$169,Mensal!$B$5:$B$169,$B14) -> 31.6 | G14: =SUMIFS(Mensal!$G$5:$G$169,Mensal!$B$5:$B$169,$B14) -> 187.2 | H14: =SUMIFS(Mensal!$H$5:$H$169,Mensal!$B$5:$B$169,$B14) -> 8788.4 | I14: =SUMIFS(Mensal!$I$5:$I$169,Mensal!$B$5:$B$169,$B14) -> 0 | J14: =SUM(F14:I14) -> 9007.2 | K14: =SUMIFS(Mensal!$N$5:$N$169,Mensal!$B$5:$B$169,$B14) -> 1231545.6 | L14: =IFERROR(K14/J14,"") -> 136.72902 | M14: -11.119977 | N14: -41.290773 | O14: CVER
A15: Conj. Banabuiú | B15: CJU_CEPTN | C15: Nordeste | D15: CE | E15: 230 | F15: =SUMIFS(Mensal!$F$5:$F$169,Mensal!$B$5:$B$169,$B15) -> 2344.6 | G15: =SUMIFS(Mensal!$G$5:$G$169,Mensal!$B$5:$B$169,$B15) -> 934.6 | H15: =SUMIFS(Mensal!$H$5:$H$169,Mensal!$B$5:$B$169,$B15) -> 17927.8 | I15: =SUMIFS(Mensal!$I$5:$I$169,Mensal!$B$5:$B$169,$B15) -> 0 | J15: =SUM(F15:I15) -> 21207 | K15: =SUMIFS(Mensal!$N$5:$N$169,Mensal!$B$5:$B$169,$B15) -> 2925068.9 | L15: =IFERROR(K15/J15,"") -> 137.9294 | M15: -5.3231 | N15: -38.83 | O15: SPIC BRASIL ENERGIA
A16: Conj. Barreiras II 500 kV | B16: CJU_BABRD | C16: Nordeste | D16: BA | E16: 350 | F16: =SUMIFS(Mensal!$F$5:$F$169,Mensal!$B$5:$B$169,$B16) -> 12250.2 | G16: =SUMIFS(Mensal!$G$5:$G$169,Mensal!$B$5:$B$169,$B16) -> 0 | H16: =SUMIFS(Mensal!$H$5:$H$169,Mensal!$B$5:$B$169,$B16) -> 48233.3 | I16: =SUMIFS(Mensal!$I$5:$I$169,Mensal!$B$5:$B$169,$B16) -> 0 | J16: =SUM(F16:I16) -> 60483.5 | K16: =SUMIFS(Mensal!$N$5:$N$169,Mensal!$B$5:$B$169,$B16) -> 8118281.6 | L16: =IFERROR(K16/J16,"") -> 134.22308 | M16: -12.171641 | N16: -44.808283 | O16: ECHOENERGIA
... A19: Conj. Boa Hora | B19: CJU_SPUFBH | C19: Sudeste/CO | D19: SP | E19: 178.33 | F19: =SUMIFS(Mensal!$F$5:$F$169,Mensal!$B$5:$B$169,$B19) -> 0 | G19: =SUMIFS(Mensal!$G$5:$G$169,Mensal!$B$5:$B$169,$B19) -> 0 | H19: =SUMIFS(Mensal!$H$5:$H$169,Mensal!$B$5:$B$169,$B19) -> 17060.7 | I19: =SUMIFS(Mensal!$I$5:$I$169,Mensal!$B$5:$B$169,$B19) -> 0 | J19: =SUM(F19:I19) -> 17060.7 | K19: =SUMIFS(Mensal!$N$5:$N$169,Mensal!$B$5:$B$169,$B19) -> 2327188.2 | L19: =IFERROR(K19/J19,"") -> 136.40637 | M19: -19.881624 | N19: -50.39703 | O19: AUREN OPERAÇÕES
A20: Conj. Boa Sorte | B20: CJU_MGBST1 | C20: Sudeste/CO | D20: MG | F20: =SUMIFS(Mensal!$F$5:$F$169,Mensal!$B$5:$B$169,$B20) -> 0 | G20: =SUMIFS(Mensal!$G$5:$G$169,Mensal!$B$5:$B$169,$B20) -> 0 | H20: =SUMIFS(Mensal!$H$5:$H$169,Mensal!$B$5:$B$169,$B20) -> 30682.8 | I20: =SUMIFS(Mensal!$I$5:$I$169,Mensal!$B$5:$B$169,$B20) -> 0 | J20: =SUM(F20:I20) -> 30682.8 | K20: =SUMIFS(Mensal!$N$5:$N$169,Mensal!$B$5:$B$169,$B20) -> 3966058.7 | L20: =IFERROR(K20/J20,"") -> 129.26 | O20: IQONY
A21: Conj. Bom Jesus | B21: CJU_BABJU | C21: Nordeste | D21: BA | E21: 60 | F21: =SUMIFS(Mensal!$F$5:$F$169,Mensal!$B$5:$B$169,$B21) -> 1617.6 | G21: =SUMIFS(Mensal!$G$5:$G$169,Mensal!$B$5:$B$169,$B21) -> 357 | H21: =SUMIFS(Mensal!$H$5:$H$169,Mensal!$B$5:$B$169,$B21) -> 6305.8 | I21: =SUMIFS(Mensal!$I$5:$I$169,Mensal!$B$5:$B$169,$B21) -> 0 | J21: =SUM(F21:I21) -> 8280.4 | K21: =SUMIFS(Mensal!$N$5:$N$169,Mensal!$B$5:$B$169,$B21) -> 1107378.7 | L21: =IFERROR(K21/J21,"") -> 133.73492 | M21: -13.299456 | N21: -43.33305 | O21: CGN BRASIL
A22: Conj. Bom Nome | B22: CJU_PESPP | C22: Nordeste | D22: PE | E22: 83.914 | F22: =SUMIFS(Mensal!$F$5:$F$169,Mensal!$B$5:$B$169,$B22) -> 260.1 | G22: =SUMIFS(Mensal!$G$5:$G$169,Mensal!$B$5:$B$169,$B22) -> 0 | H22: =SUMIFS(Mensal!$H$5:$H$169,Mensal!$B$5:$B$169,$B22) -> 7818.1 | I22: =SUMIFS(Mensal!$I$5:$I$169,Mensal!$B$5:$B$169,$B22) -> 0 | J22: =SUM(F22:I22) -> 8078.2 | K22: =SUMIFS(Mensal!$N$5:$N$169,Mensal!$B$5:$B$169,$B22) -> 1132933.5 | L22: =IFERROR(K22/J22,"") -> 140.24578 | M22: -7.8725076 | N22: -37.97911 | O22: VOLTALIA
A23: Conj. Brígida | B23: CJU_PEBRI | C23: Nordeste | D23: PE | E23: 163 | F23: =SUMIFS(Mensal!$F$5:$F$169,Mensal!$B$5:$B$169,$B23) -> 336.8 | G23: =SUMIFS(Mensal!$G$5:$G$169,Mensal!$B$5:$B$169,$B23) -> 0 | H23: =SUMIFS(Mensal!$H$5:$H$169,Mensal!$B$5:$B$169,$B23) -> 12871.3 | I23: =SUMIFS(Mensal!$I$5:$I$169,Mensal!$B$5:$B$169,$B23) -> 0 | J23: =SUM(F23:I23) -> 13208.1 | K23: =SUMIFS(Mensal!$N$5:$N$169,Mensal!$B$5:$B$169,$B23) -> 1823750.3 | L23: =IFERROR(K23/J23,"") -> 138.07817 | M23: -8.565919 | N23: -39.591642 | O23: IQONY
A24: Conj. Calcário | B24: CJU_CECAL | C24: Nordeste | D24: CE | E24: 132 | F24: =SUMIFS(Mensal!$F$5:$F$169,Mensal!$B$5:$B$169,$B24) -> 1280.7 | G24: =SUMIFS(Mensal!$G$5:$G$169,Mensal!$B$5:$B$169,$B24) -> 99 | H24: =SUMIFS(Mensal!$H$5:$H$169,Mensal!$B$5:$B$169,$B24) -> 7358.2 | I24: =SUMIFS(Mensal!$I$5:$I$169,Mensal!$B$5:$B$169,$B24) -> 0 | J24: =SUM(F24:I24) -> 8737.9 | K24: =SUMIFS(Mensal!$N$5:$N$169,Mensal!$B$5:$B$169,$B24) -> 1191388.8 | L24: =IFERROR(K24/J24,"") -> 136.34727 | M24: -5.0347 | N24: -37.785 | O24: ENGEPAT
A25: Conj. Castilho | B25: CJU_SPCST3 | C25: Sudeste/CO | D25: SP | E25: 205.04 | F25: =SUMIFS(Mensal!$F$5:$F$169,Mensal!$B$5:$B$169,$B25) -> 0 | G25: =SUMIFS(Mensal!$G$5:$G$169,Mensal!$B$5:$B$169,$B25) -> 0 | H25: =SUMIFS(Mensal!$H$5:$H$169,Mensal!$B$5:$B$169,$B25) -> 17423.6 | I25: =SUMIFS(Mensal!$I$5:$I$169,Mensal!$B$5:$B$169,$B25) -> 0 | J25: =SUM(F25:I25) -> 17423.6 | K25: =SUMIFS(Mensal!$N$5:$N$169,Mensal!$B$5:$B$169,$B25) -> 2359937.5 | L25: =IFERROR(K25/J25,"") -> 135.44488 | M25: -20.790444 | N25: -51.529266 | O25: COTESA
A26: Conj. Ciranda | B26: CJU_PECIR | C26: Nordeste | D26: PE | E26: 244.5 | F26: =SUMIFS(Mensal!$F$5:$F$169,Mensal!$B$5:$B$169,$B26) -> 475.1 | G26: =SUMIFS(Mensal!$G$5:$G$169,Mensal!$B$5:$B$169,$B26) -> 0 | H26: =SUMIFS(Mensal!$H$5:$H$169,Mensal!$B$5:$B$169,$B26) -> 14138.6 | I26: =SUMIFS(Mensal!$I$5:$I$169,Mensal!$B$5:$B$169,$B26) -> 0 | J26: =SUM(F26:I26) -> 14613.7 | K26: =SUMIFS(Mensal!$N$5:$N$169,Mensal!$B$5:$B$169,$B26) -> 2041752.7 | L26: =IFERROR(K26/J26,"") -> 139.71497 | M26: -7.963652 | N26: -38.627376 | O26: VISUS ENGENHARIA
A27: Conj. Dracena | B27: CJU_SPUFD | C27: Sudeste/CO | D27: SP | E27: 81 | F27: =SUMIFS(Mensal!$F$5:$F$169,Mensal!$B$5:$B$169,$B27) -> 0 | G27: =SUMIFS(Mensal!$G$5:$G$169,Mensal!$B$5:$B$169,$B27) -> 0 | H27: =SUMIFS(Mensal!$H$5:$H$169,Mensal!$B$5:$B$169,$B27) -> 7414.8 | I27: =SUMIFS(Mensal!$I$5:$I$169,Mensal!$B$5:$B$169,$B27) -> 0 | J27: =SUM(F27:I27) -> 7414.8 | K27: =SUMIFS(Mensal!$N$5:$N$169,Mensal!$B$5:$B$169,$B27) -> 994648.8 | L27: =IFERROR(K27/J27,"") -> 134.14371 | M27: -21.450214 | N27: -51.587776 | O27: COTESA
A28: Conj. Draco | B28: CJU_MGDRC | C28: Sudeste/CO | D28: MG | E28: 505.243 | F28: =SUMIFS(Mensal!$F$5:$F$169,Mensal!$B$5:$B$169,$B28) -> 63.2 | G28: =SUMIFS(Mensal!$G$5:$G$169,Mensal!$B$5:$B$169,$B28) -> 0 | H28: =SUMIFS(Mensal!$H$5:$H$169,Mensal!$B$5:$B$169,$B28) -> 47891.7 | I28: =SUMIFS(Mensal!$I$5:$I$169,Mensal!$B$5:$B$169,$B28) -> 0 | J28: =SUM(F28:I28) -> 47954.9 | K28: =SUMIFS(Mensal!$N$5:$N$169,Mensal!$B$5:$B$169,$B28) -> 6646542.1 | L28: =IFERROR(K28/J28,"") -> 138.59985 | O28: VOLTALIA
A29: Conj. Floresta | B29: CJU_RNFLO | C29: Nordeste | D29: RN | E29: 86 | F29: =SUMIFS(Mensal!$F$5:$F$169,Mensal!$B$5:$B$169,$B29) -> 281.1 | G29: =SUMIFS(Mensal!$G$5:$G$169,Mensal!$B$5:$B$169,$B29) -> 16.8 | H29: =SUMIFS(Mensal!$H$5:$H$169,Mensal!$B$5:$B$169,$B29) -> 2735.3 | I29: =SUMIFS(Mensal!$I$5:$I$169,Mensal!$B$5:$B$169,$B29) -> 0 | J29: =SUM(F29:I29) -> 3033.2 | K29: =SUMIFS(Mensal!$N$5:$N$169,Mensal!$B$5:$B$169,$B29) -> 414299.59 | L29: =IFERROR(K29/J29,"") -> 136.58829 | M29: -4.963689 | N29: -36.916961 | O29: AUREN OPERAÇÕES
A30: Conj. Fot. Brotas de Macaúbas 230 kV | B30: CJU_BA4FBMC | C30: Nordeste | D30: BA | E30: 65 | F30: =SUMIFS(Mensal!$F$5:$F$169,Mensal!$B$5:$B$169,$B30) -> 183.8 | G30: =SUMIFS(Mensal!$G$5:$G$169,Mensal!$B$5:$B$169,$B30) -> 0 | H30: =SUMIFS(Mensal!$H$5:$H$169,Mensal!$B$5:$B$169,$B30) -> 1531.1 | I30: =SUMIFS(Mensal!$I$5:$I$169,Mensal!$B$5:$B$169,$B30) -> 0 | J30: =SUM(F30:I30) -> 1714.9 | K30: =SUMIFS(Mensal!$N$5:$N$169,Mensal!$B$5:$B$169,$B30) -> 234432.15 | L30: =IFERROR(K30/J30,"") -> 136.7031 | M30: -12.30836 | N30: -42.343268 | O30: STATKRAFT
A31: Conj. Francisco Sá | B31: CJU_MGFSA | C31: Sudeste/CO | D31: MG | E31: 99 | F31: =SUMIFS(Mensal!$F$5:$F$169,Mensal!$B$5:$B$169,$B31) -> 1171.6 | G31: =SUMIFS(Mensal!$G$5:$G$169,Mensal!$B$5:$B$169,$B31) -> 0 | H31: =SUMIFS(Mensal!$H$5:$H$169,Mensal!$B$5:$B$169,$B31) -> 7662.9 | I31: =SUMIFS(Mensal!$I$5:$I$169,Mensal!$B$5:$B$169,$B31) -> 0 | J31: =SUM(F31:I31) -> 8834.5 | K31: =SUMIFS(Mensal!$N$5:$N$169,Mensal!$B$5:$B$169,$B31) -> 1211041.3 | L31: =IFERROR(K31/J31,"") -> 137.08091 | M31: -16.2937 | N31: -43.6646 | O31: BEI BRASIL ENER INT
A32: Conj. Futura | B32: CJU_BAFFUT | C32: Nordeste | D32: BA | E32: 692.446 | F32: =SUMIFS(Mensal!$F$5:$F$169,Mensal!$B$5:$B$169,$B32) -> 2961.1 | G32: =SUMIFS(Mensal!$G$5:$G$169,Mensal!$B$5:$B$169,$B32) -> 805 | H32: =SUMIFS(Mensal!$H$5:$H$169,Mensal!$B$5:$B$169,$B32) -> 47309.8 | I32: =SUMIFS(Mensal!$I$5:$I$169,Mensal!$B$5:$B$169,$B32) -> 0 | J32: =SUM(F32:I32) -> 51075.9 | K32: =SUMIFS(Mensal!$N$5:$N$169,Mensal!$B$5:$B$169,$B32) -> 7053718.4 | L32: =IFERROR(K32/J32,"") -> 138.10268 | M32: -9.660782 | N32: -40.686021 | O32: ENEVA
A33: Conj. Gilbués II 500 kV | B33: CJU_PI5FGID | C33: Nordeste | D33: PI | E33: 790.885 | F33: =SUMIFS(Mensal!$F$5:$F$169,Mensal!$B$5:$B$169,$B33) -> 6533.1 | G33: =SUMIFS(Mensal!$G$5:$G$169,Mensal!$B$5:$B$169,$B33) -> 0 | H33: =SUMIFS(Mensal!$H$5:$H$169,Mensal!$B$5:$B$169,$B33) -> 62350.9 | I33: =SUMIFS(Mensal!$I$5:$I$169,Mensal!$B$5:$B$169,$B33) -> 0 | J33: =SUM(F33:I33) -> 68884 | K33: =SUMIFS(Mensal!$N$5:$N$169,Mensal!$B$5:$B$169,$B33) -> 9469197.6 | L33: =IFERROR(K33/J33,"") -> 137.46585 | M33: -10.103855 | N33: -45.282352 | O33: ENEL
A34: Conj. Guaimbê | B34: CJU_SPCUFG | C34: Sudeste/CO | D34: SP | E34: 150.04 | F34: =SUMIFS(Mensal!$F$5:$F$169,Mensal!$B$5:$B$169,$B34) -> 0 | G34: =SUMIFS(Mensal!$G$5:$G$169,Mensal!$B$5:$B$169,$B34) -> 0 | H34: =SUMIFS(Mensal!$H$5:$H$169,Mensal!$B$5:$B$169,$B34) -> 9697.8 | I34: =SUMIFS(Mensal!$I$5:$I$169,Mensal!$B$5:$B$169,$B34) -> 0 | J34: =SUM(F34:I34) -> 9697.8 | K34: =SUMIFS(Mensal!$N$5:$N$169,Mensal!$B$5:$B$169,$B34) -> 1290770.6 | L34: =IFERROR(K34/J34,"") -> 133.09932 | M34: -21.893809 | N34: -49.863684 | O34: AUREN OPERAÇÕES
A35: Conj. Helio Valgas | B35: CJU_MGVZPQ | C35: Sudeste/CO | D35: MG | E35: 500 | F35: =SUMIFS(Mensal!$F$5:$F$169,Mensal!$B$5:$B$169,$B35) -> 0 | G35: =SUMIFS(Mensal!$G$5:$G$169,Mensal!$B$5:$B$169,$B35) -> 0 | H35: =SUMIFS(Mensal!$H$5:$H$169,Mensal!$B$5:$B$169,$B35) -> 47536.7 | I35: =SUMIFS(Mensal!$I$5:$I$169,Mensal!$B$5:$B$169,$B35) -> 0 | J35: =SUM(F35:I35) -> 47536.7 | K35: =SUMIFS(Mensal!$N$5:$N$169,Mensal!$B$5:$B$169,$B35) -> 6560348.2 | L35: =IFERROR(K35/J35,"") -> 138.00597 | M35: -17.578819 | N35: -44.642562 | O35: COTESA
A36: Conj. Horizonte | B36: CJU_BAHZT | C36: Nordeste | D36: BA | E36: 79.8 | F36: =SUMIFS(Mensal!$F$5:$F$169,Mensal!$B$5:$B$169,$B36) -> 2282.1 | G36: =SUMIFS(Mensal!$G$5:$G$169,Mensal!$B$5:$B$169,$B36) -> 0 | H36: =SUMIFS(Mensal!$H$5:$H$169,Mensal!$B$5:$B$169,$B36) -> 10441.9 | I36: =SUMIFS(Mensal!$I$5:$I$169,Mensal!$B$5:$B$169,$B36) -> 0 | J36: =SUM(F36:I36) -> 12724 | K36: =SUMIFS(Mensal!$N$5:$N$169,Mensal!$B$5:$B$169,$B36) -> 1720613.5 | L36: =IFERROR(K36/J36,"") -> 135.22584 | M36: -12.604269 | N36: -44.083244 | O36: ENEL
A37: Conj. Icó 230 kV | B37: CJU_CE4FICO | C37: Nordeste | D37: CE | E37: 189.14 | F37: =SUMIFS(Mensal!$F$5:$F$169,Mensal!$B$5:$B$169,$B37) -> 692.8 | G37: =SUMIFS(Mensal!$G$5:$G$169,Mensal!$B$5:$B$169,$B37) -> 0 | H37: =SUMIFS(Mensal!$H$5:$H$169,Mensal!$B$5:$B$169,$B37) -> 16688.6 | I37: =SUMIFS(Mensal!$I$5:$I$169,Mensal!$B$5:$B$169,$B37) -> 0 | J37: =SUM(F37:I37) -> 17381.4 | K37: =SUMIFS(Mensal!$N$5:$N$169,Mensal!$B$5:$B$169,$B37) -> 2411503.6 | L37: =IFERROR(K37/J37,"") -> 138.74047 | M37: -6.357122 | N37: -38.86369 | O37: QAIR BRASIL
A38: Conj. Inocência 230 kV | B38: CJU_MS4FINO | C38: Sudeste/CO | D38: MS | E38: 400 | F38: =SUMIFS(Mensal!$F$5:$F$169,Mensal!$B$5:$B$169,$B38) -> 0 | G38: =SUMIFS(Mensal!$G$5:$G$169,Mensal!$B$5:$B$169,$B38) -> 0 | H38: =SUMIFS(Mensal!$H$5:$H$169,Mensal!$B$5:$B$169,$B38) -> 1071.7 | I38: =SUMIFS(Mensal!$I$5:$I$169,Mensal!$B$5:$B$169,$B38) -> 0 | J38: =SUM(F38:I38) -> 1071.7 | K38: =SUMIFS(Mensal!$N$5:$N$169,Mensal!$B$5:$B$169,$B38) -> 195419.97 | L38: =IFERROR(K38/J38,"") -> 182.34577 | M38: -19.77375 | N38: -51.389267 | O38: CVER
A39: Conj. Irecê 138 kV | B39: CJU_BA3FIRE | C39: Nordeste | D39: BA | E39: 133.401 | F39: =SUMIFS(Mensal!$F$5:$F$169,Mensal!$B$5:$B$169,$B39) -> 0 | G39: =SUMIFS(Mensal!$G$5:$G$169,Mensal!$B$5:$B$169,$B39) -> 3275.6 | H39: =SUMIFS(Mensal!$H$5:$H$169,Mensal!$B$5:$B$169,$B39) -> 12534.5 | I39: =SUMIFS(Mensal!$I$5:$I$169,Mensal!$B$5:$B$169,$B39) -> 0 | J39: =SUM(F39:I39) -> 15810.1 | K39: =SUMIFS(Mensal!$N$5:$N$169,Mensal!$B$5:$B$169,$B39) -> 2154995.1 | L39: =IFERROR(K39/J39,"") -> 136.30497 | M39: -11.308639 | N39: -41.80786 | O39: IQONY
A40: Conj. Ituverava | B40: CJU_BATBV | C40: Nordeste | D40: BA | E40: 196 | F40: =SUMIFS(Mensal!$F$5:$F$169,Mensal!$B$5:$B$169,$B40) -> 5668 | G40: =SUMIFS(Mensal!$G$5:$G$169,Mensal!$B$5:$B$169,$B40) -> 0 | H40: =SUMIFS(Mensal!$H$5:$H$169,Mensal!$B$5:$B$169,$B40) -> 26356.5 | I40: =SUMIFS(Mensal!$I$5:$I$169,Mensal!$B$5:$B$169,$B40) -> 0 | J40: =SUM(F40:I40) -> 32024.5 | K40: =SUMIFS(Mensal!$N$5:$N$169,Mensal!$B$5:$B$169,$B40) -> 4309773 | L40: =IFERROR(K40/J40,"") -> 134.57737 | M40: -12.583701 | N40: -44.107733 | O40: ENEL
A41: Conj. Jaguaruana II 230kV | B41: CJU_CEAPA | C41: Nordeste | D41: CE | E41: 199.8 | F41: =SUMIFS(Mensal!$F$5:$F$169,Mensal!$B$5:$B$169,$B41) -> 803.3 | G41: =SUMIFS(Mensal!$G$5:$G$169,Mensal!$B$5:$B$169,$B41) -> 164.5 | H41: =SUMIFS(Mensal!$H$5:$H$169,Mensal!$B$5:$B$169,$B41) -> 14729.4 | I41: =SUMIFS(Mensal!$I$5:$I$169,Mensal!$B$5:$B$169,$B41) -> 0 | J41: =SUM(F41:I41) -> 15697.2 | K41: =SUMIFS(Mensal!$N$5:$N$169,Mensal!$B$5:$B$169,$B41) -> 2185597.8 | L41: =IFERROR(K41/J41,"") -> 139.23488 | M41: -4.9378 | N41: -37.7046 | O41: VOLTALIA
A42: Conj. Jaiba 138 kV | B42: CJU_MGJAI3 | C42: Sudeste/CO | D42: MG | E42: 120 | F42: =SUMIFS(Mensal!$F$5:$F$169,Mensal!$B$5:$B$169,$B42) -> 1881.5 | G42: =SUMIFS(Mensal!$G$5:$G$169,Mensal!$B$5:$B$169,$B42) -> 0 | H42: =SUMIFS(Mensal!$H$5:$H$169,Mensal!$B$5:$B$169,$B42) -> 10773.8 | I42: =SUMIFS(Mensal!$I$5:$I$169,Mensal!$B$5:$B$169,$B42) -> 0 | J42: =SUM(F42:I42) -> 12655.3 | K42: =SUMIFS(Mensal!$N$5:$N$169,Mensal!$B$5:$B$169,$B42) -> 1721231.3 | L42: =IFERROR(K42/J42,"") -> 136.00873 | O42: VISUS ENGENHARIA
A43: Conj. Janaúba | B43: CJU_MGJAN | C43: Sudeste/CO | D43: MG | E43: 1336.658 | F43: =SUMIFS(Mensal!$F$5:$F$169,Mensal!$B$5:$B$169,$B43) -> 17048.3 | G43: =SUMIFS(Mensal!$G$5:$G$169,Mensal!$B$5:$B$169,$B43) -> 0 | H43: =SUMIFS(Mensal!$H$5:$H$169,Mensal!$B$5:$B$169,$B43) -> 100528.6 | I43: =SUMIFS(Mensal!$I$5:$I$169,Mensal!$B$5:$B$169,$B43) -> 0 | J43: =SUM(F43:I43) -> 117576.9 | K43: =SUMIFS(Mensal!$N$5:$N$169,Mensal!$B$5:$B$169,$B43) -> 15861307 | L43: =IFERROR(K43/J43,"") -> 134.90155 | M43: -15.94656 | N43: -43.508374 | O43: ELERA RENOVAVEIS
A44: Conj. Jaíba 4 (Distribuição) | B44: CJU_MGUJAI | C44: Sudeste/CO | D44: MG | E44: 128.5 | F44: =SUMIFS(Mensal!$F$5:$F$169,Mensal!$B$5:$B$169,$B44) -> 951 | G44: =SUMIFS(Mensal!$G$5:$G$169,Mensal!$B$5:$B$169,$B44) -> 0 | H44: =SUMIFS(Mensal!$H$5:$H$169,Mensal!$B$5:$B$169,$B44) -> 8156.6 | I44: =SUMIFS(Mensal!$I$5:$I$169,Mensal!$B$5:$B$169,$B44) -> 0 | J44: =SUM(F44:I44) -> 9107.6 | K44: =SUMIFS(Mensal!$N$5:$N$169,Mensal!$B$5:$B$169,$B44) -> 1236443.5 | L44: =IFERROR(K44/J44,"") -> 135.75953 | M44: -15.350723 | N44: -43.635864 | O44: BEI BRASIL ENER INT
A45: Conj. Jaíba V | B45: CJU_MGSDJ | C45: Sudeste/CO | D45: MG | E45: 500 | F45: =SUMIFS(Mensal!$F$5:$F$169,Mensal!$B$5:$B$169,$B45) -> 6269.7 | G45: =SUMIFS(Mensal!$G$5:$G$169,Mensal!$B$5:$B$169,$B45) -> 0 | H45: =SUMIFS(Mensal!$H$5:$H$169,Mensal!$B$5:$B$169,$B45) -> 38106.2 | I45: =SUMIFS(Mensal!$I$5:$I$169,Mensal!$B$5:$B$169,$B45) -> 0 | J45: =SUM(F45:I45) -> 44375.9 | K45: =SUMIFS(Mensal!$N$5:$N$169,Mensal!$B$5:$B$169,$B45) -> 6050796.6 | L45: =IFERROR(K45/J45,"") -> 136.35321 | O45: AUREN OPERAÇÕES
A46: Conj. Juazeiro II 230 kV | B46: CJU_BA4FJZD | C46: Nordeste | D46: BA | E46: 277.068 | F46: =SUMIFS(Mensal!$F$5:$F$169,Mensal!$B$5:$B$169,$B46) -> 731 | G46: =SUMIFS(Mensal!$G$5:$G$169,Mensal!$B$5:$B$169,$B46) -> 769 | H46: =SUMIFS(Mensal!$H$5:$H$169,Mensal!$B$5:$B$169,$B46) -> 20487 | I46: =SUMIFS(Mensal!$I$5:$I$169,Mensal!$B$5:$B$169,$B46) -> 0 | J46: =SUM(F46:I46) -> 21987 | K46: =SUMIFS(Mensal!$N$5:$N$169,Mensal!$B$5:$B$169,$B46) -> 2964427.8 | L46: =IFERROR(K46/J46,"") -> 134.82639 | M46: -9.5333 | N46: -40.489 | O46: ENGIE
A47: Conj. Lapa | B47: CJU_BALAP | C47: Nordeste | D47: BA | E47: 60 | F47: =SUMIFS(Mensal!$F$5:$F$169,Mensal!$B$5:$B$169,$B47) -> 1684.5 | G47: =SUMIFS(Mensal!$G$5:$G$169,Mensal!$B$5:$B$169,$B47) -> 0 | H47: =SUMIFS(Mensal!$H$5:$H$169,Mensal!$B$5:$B$169,$B47) -> 5910.7 | I47: =SUMIFS(Mensal!$I$5:$I$169,Mensal!$B$5:$B$169,$B47) -> 0 | J47: =SUM(F47:I47) -> 7595.2 | K47: =SUMIFS(Mensal!$N$5:$N$169,Mensal!$B$5:$B$169,$B47) -> 1018458.5 | L47: =IFERROR(K47/J47,"") -> 134.09239 | M47: -13.310839 | N47: -43.351581 | O47: CGN BRASIL
A48: Conj. Lar do Sol | B48: CJU_MGUFLS | C48: Sudeste/CO | D48: MG | E48: 494.97 | F48: =SUMIFS(Mensal!$F$5:$F$169,Mensal!$B$5:$B$169,$B48) -> 5427.7 | G48: =SUMIFS(Mensal!$G$5:$G$169,Mensal!$B$5:$B$169,$B48) -> 0 | H48: =SUMIFS(Mensal!$H$5:$H$169,Mensal!$B$5:$B$169,$B48) -> 26828.2 | I48: =SUMIFS(Mensal!$I$5:$I$169,Mensal!$B$5:$B$169,$B48) -> 0 | J48: =SUM(F48:I48) -> 32255.9 | K48: =SUMIFS(Mensal!$N$5:$N$169,Mensal!$B$5:$B$169,$B48) -> 4372019.6 | L48: =IFERROR(K48/J48,"") -> 135.5417 | M48: -17.363171 | N48: -44.696978 | O48: IQONY
A49: Conj. Lavras | B49: CJU_CELAV | C49: Nordeste | D49: CE | E49: 201 | F49: =SUMIFS(Mensal!$F$5:$F$169,Mensal!$B$5:$B$169,$B49) -> 1701.2 | G49: =SUMIFS(Mensal!$G$5:$G$169,Mensal!$B$5:$B$169,$B49) -> 0 | H49: =SUMIFS(Mensal!$H$5:$H$169,Mensal!$B$5:$B$169,$B49) -> 16943.9 | I49: =SUMIFS(Mensal!$I$5:$I$169,Mensal!$B$5:$B$169,$B49) -> 0 | J49: =SUM(F49:I49) -> 18645.1 | K49: =SUMIFS(Mensal!$N$5:$N$169,Mensal!$B$5:$B$169,$B49) -> 2588670.6 | L49: =IFERROR(K49/J49,"") -> 138.83919 | M49: -3.791728 | N49: -38.932812 | O49: VISUS ENGENHARIA
A50: Conj. Lins | B50: CJU_CELINS | C50: Nordeste | D50: CE | E50: 182.001 | F50: =SUMIFS(Mensal!$F$5:$F$169,Mensal!$B$5:$B$169,$B50) -> 0 | G50: =SUMIFS(Mensal!$G$5:$G$169,Mensal!$B$5:$B$169,$B50) -> 0 | H50: =SUMIFS(Mensal!$H$5:$H$169,Mensal!$B$5:$B$169,$B50) -> 11788.3 | I50: =SUMIFS(Mensal!$I$5:$I$169,Mensal!$B$5:$B$169,$B50) -> 0 | J50: =SUM(F50:I50) -> 11788.3 | K50: =SUMIFS(Mensal!$N$5:$N$169,Mensal!$B$5:$B$169,$B50) -> 1679268.5 | L50: =IFERROR(K50/J50,"") -> 142.45213 | M50: -3.630218 | N50: -38.922755 | O50: COBRA BRASIL
A51: Conj. Luzia | B51: CJU_PBLZA | C51: Nordeste | D51: PB | E51: 117.888 | F51: =SUMIFS(Mensal!$F$5:$F$169,Mensal!$B$5:$B$169,$B51) -> 1.9 | G51: =SUMIFS(Mensal!$G$5:$G$169,Mensal!$B$5:$B$169,$B51) -> 0 | H51: =SUMIFS(Mensal!$H$5:$H$169,Mensal!$B$5:$B$169,$B51) -> 6770.7 | I51: =SUMIFS(Mensal!$I$5:$I$169,Mensal!$B$5:$B$169,$B51) -> 0 | J51: =SUM(F51:I51) -> 6772.6 | K51: =SUMIFS(Mensal!$N$5:$N$169,Mensal!$B$5:$B$169,$B51) -> 987331.3 | L51: =IFERROR(K51/J51,"") -> 145.7832 | M51: -6.840796 | N51: -36.93287 | O51: NEO REN
A52: Conj. Marangatu | B52: CJU_PIFMRG | C52: Nordeste | D52: PI | E52: 360 | F52: =SUMIFS(Mensal!$F$5:$F$169,Mensal!$B$5:$B$169,$B52) -> 928.8 | G52: =SUMIFS(Mensal!$G$5:$G$169,Mensal!$B$5:$B$169,$B52) -> 0 | H52: =SUMIFS(Mensal!$H$5:$H$169,Mensal!$B$5:$B$169,$B52) -> 29921.3 | I52: =SUMIFS(Mensal!$I$5:$I$169,Mensal!$B$5:$B$169,$B52) -> 0 | J52: =SUM(F52:I52) -> 30850.1 | K52: =SUMIFS(Mensal!$N$5:$N$169,Mensal!$B$5:$B$169,$B52) -> 4254521 | L52: =IFERROR(K52/J52,"") -> 137.90947 | M52: -4.082201 | N52: -41.273043 | O52: SPIC BRASIL ENERGIA
A53: Conj. Mauriti | B53: CJU_CEMTD | C53: Nordeste | D53: CE | E53: 343.768 | F53: =SUMIFS(Mensal!$F$5:$F$169,Mensal!$B$5:$B$169,$B53) -> 707.5 | G53: =SUMIFS(Mensal!$G$5:$G$169,Mensal!$B$5:$B$169,$B53) -> 0 | H53: =SUMIFS(Mensal!$H$5:$H$169,Mensal!$B$5:$B$169,$B53) -> 22128.2 | I53: =SUMIFS(Mensal!$I$5:$I$169,Mensal!$B$5:$B$169,$B53) -> 0 | J53: =SUM(F53:I53) -> 22835.7 | K53: =SUMIFS(Mensal!$N$5:$N$169,Mensal!$B$5:$B$169,$B53) -> 3213603.2 | L53: =IFERROR(K53/J53,"") -> 140.72716 | M53: -7.366 | N53: -38.781 | O53: IQONY
A54: Conj. Monte Verde Solar | B54: CJU_RNMVS | C54: Nordeste | D54: RN | E54: 212.382 | F54: =SUMIFS(Mensal!$F$5:$F$169,Mensal!$B$5:$B$169,$B54) -> 824.9 | G54: =SUMIFS(Mensal!$G$5:$G$169,Mensal!$B$5:$B$169,$B54) -> 4832 | H54: =SUMIFS(Mensal!$H$5:$H$169,Mensal!$B$5:$B$169,$B54) -> 20559.2 | I54: =SUMIFS(Mensal!$I$5:$I$169,Mensal!$B$5:$B$169,$B54) -> 0 | J54: =SUM(F54:I54) -> 26216.1 | K54: =SUMIFS(Mensal!$N$5:$N$169,Mensal!$B$5:$B$169,$B54) -> 3567587.1 | L54: =IFERROR(K54/J54,"") -> 136.08382 | O54: EDP BRASIL
A55: Conj. Nova Olinda | B55: CJU_PINVO | C55: Nordeste | D55: PI | E55: 210 | F55: =SUMIFS(Mensal!$F$5:$F$169,Mensal!$B$5:$B$169,$B55) -> 1622.8 | G55: =SUMIFS(Mensal!$G$5:$G$169,Mensal!$B$5:$B$169,$B55) -> 381 | H55: =SUMIFS(Mensal!$H$5:$H$169,Mensal!$B$5:$B$169,$B55) -> 15784 | I55: =SUMIFS(Mensal!$I$5:$I$169,Mensal!$B$5:$B$169,$B55) -> 0 | J55: =SUM(F55:I55) -> 17787.8 | K55: =SUMIFS(Mensal!$N$5:$N$169,Mensal!$B$5:$B$169,$B55) -> 2468448 | L55: =IFERROR(K55/J55,"") -> 138.77197 | M55: -8.194181 | N55: -42.556878 | O55: CGN BRASIL
A56: Conj. Paracatu | B56: CJU_MGUFPU | C56: Sudeste/CO | D56: MG | E56: 342.001 | F56: =SUMIFS(Mensal!$F$5:$F$169,Mensal!$B$5:$B$169,$B56) -> 396.4 | G56: =SUMIFS(Mensal!$G$5:$G$169,Mensal!$B$5:$B$169,$B56) -> 0 | H56: =SUMIFS(Mensal!$H$5:$H$169,Mensal!$B$5:$B$169,$B56) -> 25649.8 | I56: =SUMIFS(Mensal!$I$5:$I$169,Mensal!$B$5:$B$169,$B56) -> 0 | J56: =SUM(F56:I56) -> 26046.2 | K56: =SUMIFS(Mensal!$N$5:$N$169,Mensal!$B$5:$B$169,$B56) -> 3555976.5 | L56: =IFERROR(K56/J56,"") -> 136.52573 | M56: -17.226 | N56: -47.094 | O56: ENGIE
A57: Conj. Paracatu 4 500 kV | B57: CJU_MGPR4 | C57: Sudeste/CO | D57: MG | F57: =SUMIFS(Mensal!$F$5:$F$169,Mensal!$B$5:$B$169,$B57) -> 1074.3 | G57: =SUMIFS(Mensal!$G$5:$G$169,Mensal!$B$5:$B$169,$B57) -> 0 | H57: =SUMIFS(Mensal!$H$5:$H$169,Mensal!$B$5:$B$169,$B57) -> 52058.6 | I57: =SUMIFS(Mensal!$I$5:$I$169,Mensal!$B$5:$B$169,$B57) -> 0 | J57: =SUM(F57:I57) -> 53132.9 | K57: =SUMIFS(Mensal!$N$5:$N$169,Mensal!$B$5:$B$169,$B57) -> 6867958.7 | L57: =IFERROR(K57/J57,"") -> 129.26 | O57: COTESA
A58: Conj. Paracatu 4 Piloto | B58: CJU_MGPR4P | C58: Sudeste/CO | D58: MG | E58: 1014.3 | F58: =SUMIFS(Mensal!$F$5:$F$169,Mensal!$B$5:$B$169,$B58) -> 0 | G58: =SUMIFS(Mensal!$G$5:$G$169,Mensal!$B$5:$B$169,$B58) -> 0 | H58: =SUMIFS(Mensal!$H$5:$H$169,Mensal!$B$5:$B$169,$B58) -> 14355.4 | I58: =SUMIFS(Mensal!$I$5:$I$169,Mensal!$B$5:$B$169,$B58) -> 0 | J58: =SUM(F58:I58) -> 14355.4 | K58: =SUMIFS(Mensal!$N$5:$N$169,Mensal!$B$5:$B$169,$B58) -> 2619142.7 | L58: =IFERROR(K58/J58,"") -> 182.45 | M58: -17.069348 | N58: -47.112795 | O58: IQONY
A59: Conj. Pedranópolis | B59: CJU_SPPED | C59: Sudeste/CO | D59: SP | E59: 90 | F59: =SUMIFS(Mensal!$F$5:$F$169,Mensal!$B$5:$B$169,$B59) -> 0 | G59: =SUMIFS(Mensal!$G$5:$G$169,Mensal!$B$5:$B$169,$B59) -> 0 | H59: =SUMIFS(Mensal!$H$5:$H$169,Mensal!$B$5:$B$169,$B59) -> 8237.4 | I59: =SUMIFS(Mensal!$I$5:$I$169,Mensal!$B$5:$B$169,$B59) -> 0 | J59: =SUM(F59:I59) -> 8237.4 | K59: =SUMIFS(Mensal!$N$5:$N$169,Mensal!$B$5:$B$169,$B59) -> 1134418.6 | L59: =IFERROR(K59/J59,"") -> 137.71562 | M59: -20.195849 | N59: -50.032683 | O59: VISUS ENGENHARIA
A60: Conj. Pereira Barreto | B60: CJU_SPPB | C60: Sudeste/CO | D60: SP | E60: 457.995 | F60: =SUMIFS(Mensal!$F$5:$F$169,Mensal!$B$5:$B$169,$B60) -> 0 | G60: =SUMIFS(Mensal!$G$5:$G$169,Mensal!$B$5:$B$169,$B60) -> 0 | H60: =SUMIFS(Mensal!$H$5:$H$169,Mensal!$B$5:$B$169,$B60) -> 39440.9 | I60: =SUMIFS(Mensal!$I$5:$I$169,Mensal!$B$5:$B$169,$B60) -> 0 | J60: =SUM(F60:I60) -> 39440.9 | K60: =SUMIFS(Mensal!$N$5:$N$169,Mensal!$B$5:$B$169,$B60) -> 5380963.2 | L60: =IFERROR(K60/J60,"") -> 136.43105 | M60: -20.62 | N60: -51.3 | O60: EDP BRASIL
A61: Conj. Pirapora 2 | B61: CJU_MGCPIR | C61: Sudeste/CO | D61: MG | E61: 329 | F61: =SUMIFS(Mensal!$F$5:$F$169,Mensal!$B$5:$B$169,$B61) -> 3879.2 | G61: =SUMIFS(Mensal!$G$5:$G$169,Mensal!$B$5:$B$169,$B61) -> 0 | H61: =SUMIFS(Mensal!$H$5:$H$169,Mensal!$B$5:$B$169,$B61) -> 21073.1 | I61: =SUMIFS(Mensal!$I$5:$I$169,Mensal!$B$5:$B$169,$B61) -> 0 | J61: =SUM(F61:I61) -> 24952.3 | K61: =SUMIFS(Mensal!$N$5:$N$169,Mensal!$B$5:$B$169,$B61) -> 3396904 | L61: =IFERROR(K61/J61,"") -> 136.13591 | M61: -17.4056 | N61: -44.9225 | O61: COTESA
A62: Conj. Ribeiro Gonçalves | B62: CJU_PIRG3 | C62: Nordeste | D62: PI | E62: 223.212 | F62: =SUMIFS(Mensal!$F$5:$F$169,Mensal!$B$5:$B$169,$B62) -> 0 | G62: =SUMIFS(Mensal!$G$5:$G$169,Mensal!$B$5:$B$169,$B62) -> 3729.9 | H62: =SUMIFS(Mensal!$H$5:$H$169,Mensal!$B$5:$B$169,$B62) -> 19632.9 | I62: =SUMIFS(Mensal!$I$5:$I$169,Mensal!$B$5:$B$169,$B62) -> 0 | J62: =SUM(F62:I62) -> 23362.8 | K62: =SUMIFS(Mensal!$N$5:$N$169,Mensal!$B$5:$B$169,$B62) -> 3145136.6 | L62: =IFERROR(K62/J62,"") -> 134.62156 | M62: -7.6532244 | N62: -45.190727 | O62: ECHOENERGIA
A63: Conj. Ribeiro Gonçalves 500 kV | B63: CJU_PI5FRGV | C63: Nordeste | D63: PI | E63: 299.97 | F63: =SUMIFS(Mensal!$F$5:$F$169,Mensal!$B$5:$B$169,$B63) -> 2111.4 | G63: =SUMIFS(Mensal!$G$5:$G$169,Mensal!$B$5:$B$169,$B63) -> 4807.9 | H63: =SUMIFS(Mensal!$H$5:$H$169,Mensal!$B$5:$B$169,$B63) -> 33239.9 | I63: =SUMIFS(Mensal!$I$5:$I$169,Mensal!$B$5:$B$169,$B63) -> 0 | J63: =SUM(F63:I63) -> 40159.2 | K63: =SUMIFS(Mensal!$N$5:$N$169,Mensal!$B$5:$B$169,$B63) -> 5371342.9 | L63: =IFERROR(K63/J63,"") -> 133.75124 | M63: -7.623814 | N63: -45.207411 | O63: COBRA BRASIL
A64: Conj. Rio Alto | B64: CJU_PBRAL | C64: Nordeste | D64: PB | E64: 216 | F64: =SUMIFS(Mensal!$F$5:$F$169,Mensal!$B$5:$B$169,$B64) -> 0 | G64: =SUMIFS(Mensal!$G$5:$G$169,Mensal!$B$5:$B$169,$B64) -> 172.4 | H64: =SUMIFS(Mensal!$H$5:$H$169,Mensal!$B$5:$B$169,$B64) -> 12078.6 | I64: =SUMIFS(Mensal!$I$5:$I$169,Mensal!$B$5:$B$169,$B64) -> 0 | J64: =SUM(F64:I64) -> 12251 | K64: =SUMIFS(Mensal!$N$5:$N$169,Mensal!$B$5:$B$169,$B64) -> 1722721 | L64: =IFERROR(K64/J64,"") -> 140.61881 | M64: -6.9661 | N64: -37.9892 | O64: SIMM
A65: Conj. Rio Brilhante 230kV | B65: CJU_MS4FRBE | C65: Sudeste/CO | D65: MS | E65: 491 | F65: =SUMIFS(Mensal!$F$5:$F$169,Mensal!$B$5:$B$169,$B65) -> 0 | G65: =SUMIFS(Mensal!$G$5:$G$169,Mensal!$B$5:$B$169,$B65) -> 0 | H65: =SUMIFS(Mensal!$H$5:$H$169,Mensal!$B$5:$B$169,$B65) -> 1345 | I65: =SUMIFS(Mensal!$I$5:$I$169,Mensal!$B$5:$B$169,$B65) -> 0 | J65: =SUM(F65:I65) -> 1345 | K65: =SUMIFS(Mensal!$N$5:$N$169,Mensal!$B$5:$B$169,$B65) -> 245134.62 | L65: =IFERROR(K65/J65,"") -> 182.25622 | O65: CVER
A66: Conj. Russas II 230 kV | B66: CJU_CE4FRSD | C66: Nordeste | D66: CE | E66: 165 | F66: =SUMIFS(Mensal!$F$5:$F$169,Mensal!$B$5:$B$169,$B66) -> 1443.2 | G66: =SUMIFS(Mensal!$G$5:$G$169,Mensal!$B$5:$B$169,$B66) -> 78.7 | H66: =SUMIFS(Mensal!$H$5:$H$169,Mensal!$B$5:$B$169,$B66) -> 10825.3 | I66: =SUMIFS(Mensal!$I$5:$I$169,Mensal!$B$5:$B$169,$B66) -> 0 | J66: =SUM(F66:I66) -> 12347.2 | K66: =SUMIFS(Mensal!$N$5:$N$169,Mensal!$B$5:$B$169,$B66) -> 1685663.6 | L66: =IFERROR(K66/J66,"") -> 136.52193 | M66: -4.869 | N66: -37.994 | O66: CGN BRASIL
A67: Conj. SJP | B67: CJU_PISJP | C67: Nordeste | D67: PI | E67: 186.05 | F67: =SUMIFS(Mensal!$F$5:$F$169,Mensal!$B$5:$B$169,$B67) -> 878.2 | G67: =SUMIFS(Mensal!$G$5:$G$169,Mensal!$B$5:$B$169,$B67) -> 225.6 | H67: =SUMIFS(Mensal!$H$5:$H$169,Mensal!$B$5:$B$169,$B67) -> 11187.8 | I67: =SUMIFS(Mensal!$I$5:$I$169,Mensal!$B$5:$B$169,$B67) -> 0 | J67: =SUM(F67:I67) -> 12291.6 | K67: =SUMIFS(Mensal!$N$5:$N$169,Mensal!$B$5:$B$169,$B67) -> 1720416.8 | L67: =IFERROR(K67/J67,"") -> 139.96687 | M67: -8.2627 | N67: -42.1545 | O67: CELEO
A68: Conj. Santa Luzia II 500 kV | B68: CJU_PBSLDF5 | C68: Nordeste | D68: PB | E68: 250 | F68: =SUMIFS(Mensal!$F$5:$F$169,Mensal!$B$5:$B$169,$B68) -> 12.4 | G68: =SUMIFS(Mensal!$G$5:$G$169,Mensal!$B$5:$B$169,$B68) -> 0 | H68: =SUMIFS(Mensal!$H$5:$H$169,Mensal!$B$5:$B$169,$B68) -> 13545.5 | I68: =SUMIFS(Mensal!$I$5:$I$169,Mensal!$B$5:$B$169,$B68) -> 0 | J68: =SUM(F68:I68) -> 13557.9 | K68: =SUMIFS(Mensal!$N$5:$N$169,Mensal!$B$5:$B$169,$B68) -> 1835072.5 | L68: =IFERROR(K68/J68,"") -> 135.35079 | M68: -6.9127055 | N68: -36.977523 | O68: COTESA
A69: Conj. Serra da Babilônia | B69: CJU_BASSDB | C69: Nordeste | D69: BA | E69: 123.001 | F69: =SUMIFS(Mensal!$F$5:$F$169,Mensal!$B$5:$B$169,$B69) -> 254.2 | G69: =SUMIFS(Mensal!$G$5:$G$169,Mensal!$B$5:$B$169,$B69) -> 149 | H69: =SUMIFS(Mensal!$H$5:$H$169,Mensal!$B$5:$B$169,$B69) -> 11649.2 | I69: =SUMIFS(Mensal!$I$5:$I$169,Mensal!$B$5:$B$169,$B69) -> 0 | J69: =SUM(F69:I69) -> 12052.4 | K69: =SUMIFS(Mensal!$N$5:$N$169,Mensal!$B$5:$B$169,$B69) -> 1665133.1 | L69: =IFERROR(K69/J69,"") -> 138.1578 | M69: -11.104661 | N69: -41.328733 | O69: COTESA
A70: Conj. Serra do Mato | B70: CJU_CEFSEM | C70: Nordeste | D70: CE | E70: 101.49 | F70: =SUMIFS(Mensal!$F$5:$F$169,Mensal!$B$5:$B$169,$B70) -> 0 | G70: =SUMIFS(Mensal!$G$5:$G$169,Mensal!$B$5:$B$169,$B70) -> 0 | H70: =SUMIFS(Mensal!$H$5:$H$169,Mensal!$B$5:$B$169,$B70) -> 6330 | I70: =SUMIFS(Mensal!$I$5:$I$169,Mensal!$B$5:$B$169,$B70) -> 0 | J70: =SUM(F70:I70) -> 6330 | K70: =SUMIFS(Mensal!$N$5:$N$169,Mensal!$B$5:$B$169,$B70) -> 882497 | L70: =IFERROR(K70/J70,"") -> 139.41501 | M70: -3.302 | N70: -39.349 | O70: QAIR BRASIL
A71: Conj. Serra do Mel C | B71: CJU_RNSDMC | C71: Nordeste | D71: RN | E71: 433.053 | F71: =SUMIFS(Mensal!$F$5:$F$169,Mensal!$B$5:$B$169,$B71) -> 1334.1 | G71: =SUMIFS(Mensal!$G$5:$G$169,Mensal!$B$5:$B$169,$B71) -> 137.9 | H71: =SUMIFS(Mensal!$H$5:$H$169,Mensal!$B$5:$B$169,$B71) -> 24197.7 | I71: =SUMIFS(Mensal!$I$5:$I$169,Mensal!$B$5:$B$169,$B71) -> 0 | J71: =SUM(F71:I71) -> 25669.7 | K71: =SUMIFS(Mensal!$N$5:$N$169,Mensal!$B$5:$B$169,$B71) -> 3529474.9 | L71: =IFERROR(K71/J71,"") -> 137.49576 | M71: -5.1301536 | N71: -37.049659 | O71: VOLTALIA
A72: Conj. Serrita | B72: CJU_PEMRRC | C72: Nordeste | D72: PE | E72: 60 | F72: =SUMIFS(Mensal!$F$5:$F$169,Mensal!$B$5:$B$169,$B72) -> 135 | G72: =SUMIFS(Mensal!$G$5:$G$169,Mensal!$B$5:$B$169,$B72) -> 0 | H72: =SUMIFS(Mensal!$H$5:$H$169,Mensal!$B$5:$B$169,$B72) -> 4463.1 | I72: =SUMIFS(Mensal!$I$5:$I$169,Mensal!$B$5:$B$169,$B72) -> 0 | J72: =SUM(F72:I72) -> 4598.1 | K72: =SUMIFS(Mensal!$N$5:$N$169,Mensal!$B$5:$B$169,$B72) -> 639034.89 | L72: =IFERROR(K72/J72,"") -> 138.97803 | M72: -8.025902 | N72: -39.319785 | O72: STATKRAFT
A73: Conj. Sertão Solar Barreiras | B73: CJU_BASSB | C73: Nordeste | D73: BA | E73: 94.64 | F73: =SUMIFS(Mensal!$F$5:$F$169,Mensal!$B$5:$B$169,$B73) -> 2279 | G73: =SUMIFS(Mensal!$G$5:$G$169,Mensal!$B$5:$B$169,$B73) -> 0 | H73: =SUMIFS(Mensal!$H$5:$H$169,Mensal!$B$5:$B$169,$B73) -> 8887.5 | I73: =SUMIFS(Mensal!$I$5:$I$169,Mensal!$B$5:$B$169,$B73) -> 0 | J73: =SUM(F73:I73) -> 11166.5 | K73: =SUMIFS(Mensal!$N$5:$N$169,Mensal!$B$5:$B$169,$B73) -> 1501745.5 | L73: =IFERROR(K73/J73,"") -> 134.48668 | M73: -12.051321 | N73: -45.59781 | O73: ENGIE
A74: Conj. Simplice | B74: CJU_RNSPC | C74: Nordeste | D74: RN | E74: 117.54 | F74: =SUMIFS(Mensal!$F$5:$F$169,Mensal!$B$5:$B$169,$B74) -> 63.8 | G74: =SUMIFS(Mensal!$G$5:$G$169,Mensal!$B$5:$B$169,$B74) -> 4155.2 | H74: =SUMIFS(Mensal!$H$5:$H$169,Mensal!$B$5:$B$169,$B74) -> 13291.9 | I74: =SUMIFS(Mensal!$I$5:$I$169,Mensal!$B$5:$B$169,$B74) -> 0 | J74: =SUM(F74:I74) -> 17510.9 | K74: =SUMIFS(Mensal!$N$5:$N$169,Mensal!$B$5:$B$169,$B74) -> 2346939.1 | L74: =IFERROR(K74/J74,"") -> 134.02733 | M74: -5.8171 | N74: -36.6406 | O74: COTESA
A75: Conj. Sol do Cerrado | B75: CJU_MGSDC | C75: Sudeste/CO | D75: MG | E75: 681.306 | F75: =SUMIFS(Mensal!$F$5:$F$169,Mensal!$B$5:$B$169,$B75) -> 7203 | G75: =SUMIFS(Mensal!$G$5:$G$169,Mensal!$B$5:$B$169,$B75) -> 0 | H75: =SUMIFS(Mensal!$H$5:$H$169,Mensal!$B$5:$B$169,$B75) -> 43458.1 | I75: =SUMIFS(Mensal!$I$5:$I$169,Mensal!$B$5:$B$169,$B75) -> 0 | J75: =SUM(F75:I75) -> 50661.1 | K75: =SUMIFS(Mensal!$N$5:$N$169,Mensal!$B$5:$B$169,$B75) -> 6900374.8 | L75: =IFERROR(K75/J75,"") -> 136.20657 | M75: -15.384427 | N75: -43.785949 | O75: IQONY
A76: Conj. Sol do Futuro | B76: CJU_CESDF | C76: Nordeste | D76: CE | E76: 81 | F76: =SUMIFS(Mensal!$F$5:$F$169,Mensal!$B$5:$B$169,$B76) -> 585.1 | G76: =SUMIFS(Mensal!$G$5:$G$169,Mensal!$B$5:$B$169,$B76) -> 968.3 | H76: =SUMIFS(Mensal!$H$5:$H$169,Mensal!$B$5:$B$169,$B76) -> 4285.4 | I76: =SUMIFS(Mensal!$I$5:$I$169,Mensal!$B$5:$B$169,$B76) -> 0 | J76: =SUM(F76:I76) -> 5838.8 | K76: =SUMIFS(Mensal!$N$5:$N$169,Mensal!$B$5:$B$169,$B76) -> 807128.17 | L76: =IFERROR(K76/J76,"") -> 138.23528 | M76: -3.9781 | N76: -38.3939 | O76: ENGIE
A77: Conj. Sol do Sertão | B77: CJU_BASSD | C77: Nordeste | D77: BA | E77: 415.03 | F77: =SUMIFS(Mensal!$F$5:$F$169,Mensal!$B$5:$B$169,$B77) -> 10192.9 | G77: =SUMIFS(Mensal!$G$5:$G$169,Mensal!$B$5:$B$169,$B77) -> 94.8 | H77: =SUMIFS(Mensal!$H$5:$H$169,Mensal!$B$5:$B$169,$B77) -> 46336.3 | I77: =SUMIFS(Mensal!$I$5:$I$169,Mensal!$B$5:$B$169,$B77) -> 0 | J77: =SUM(F77:I77) -> 56624 | K77: =SUMIFS(Mensal!$N$5:$N$169,Mensal!$B$5:$B$169,$B77) -> 7658497.7 | L77: =IFERROR(K77/J77,"") -> 135.2518 | M77: -12.23913 | N77: -42.610434 | O77: CHAPADA BRANCA
... A88: Sol do Piauí | B88: PISDP1 | C88: Nordeste | D88: PI | E88: 48.1 | F88: =SUMIFS(Mensal!$F$5:$F$169,Mensal!$B$5:$B$169,$B88) -> 54.4 | G88: =SUMIFS(Mensal!$G$5:$G$169,Mensal!$B$5:$B$169,$B88) -> 0 | H88: =SUMIFS(Mensal!$H$5:$H$169,Mensal!$B$5:$B$169,$B88) -> 5500.6 | I88: =SUMIFS(Mensal!$I$5:$I$169,Mensal!$B$5:$B$169,$B88) -> 0 | J88: =SUM(F88:I88) -> 5555 | K88: =SUMIFS(Mensal!$N$5:$N$169,Mensal!$B$5:$B$169,$B88) -> 762980.75 | L88: =IFERROR(K88/J88,"") -> 137.35027 | M88: -8.0150083 | N88: -40.610328 | O88: AUREN OPERAÇÕES
A89: TOTAL | F89: =SUM(F5:F88) -> 133933.6 | G89: =SUM(G5:G88) -> 54375.6 | H89: =SUM(H5:H88) -> 1698688.3 | I89: =SUM(I5:I88) -> 0 | J89: =SUM(J5:J88) -> 1886997.5 | K89: =SUM(K5:K88) -> 2.5801369e+08

Sheet Mensal
A1: Energia não gerada por conjunto e mês — dados do ONS
A2: Valores em azul vêm direto dos arquivos do ONS/CCEE.
A4: Conjunto | B4: ID ONS | C4: Submercado | D4: UF | E4: Mês | F4: REL (MWh) | G4: CNF (MWh) | H4: ENE (MWh) | I4: PAR (MWh) | J4: MWh não gerados | K4: Energia de referência (MWh) | L4: % do potencial | M4: PLD aplicado (R$/MWh) | N4: Valor (R$)
A5: Assú V | B5: RNFVAE | C5: Nordeste | D5: RN | E5: 46235 | F5: 143.9 | G5: 722.2 | H5: 2245.5 | I5: 0 | J5: =SUM(F5:I5) -> 3111.6 | K5: 6780 | L5: =IFERROR(J5/K5,"") -> 0.45893805 | M5: 127.96 | N5: =J5*M5 -> 398160.34
A6: Assú V | B6: RNFVAE | C6: Nordeste | D6: RN | E6: 46266 | F6: 0 | G6: 82.2 | H6: 476.4 | I6: 0 | J6: =SUM(F6:I6) -> 558.6 | K6: 1733 | L6: =IFERROR(J6/K6,"") -> 0.32233122 | M6: 180.81 | N6: =J6*M6 -> 101000.47
A7: Conj. Abaiara 230 kV | B7: CJU_CEAB2 | C7: Nordeste | D7: CE | E7: 46235 | F7: 9 | G7: 0 | H7: 8821.7 | I7: 0 | J7: =SUM(F7:I7) -> 8830.7 | K7: 39179 | L7: =IFERROR(J7/K7,"") -> 0.22539371 | M7: 127.96 | N7: =J7*M7 -> 1129976.4
A8: Conj. Abaiara 230 kV | B8: CJU_CEAB2 | C8: Nordeste | D8: CE | E8: 46266 | F8: 0 | G8: 0 | H8: 2962.8 | I8: 0 | J8: =SUM(F8:I8) -> 2962.8 | K8: 9241 | L8: =IFERROR(J8/K8,"") -> 0.32061465 | M8: 180.81 | N8: =J8*M8 -> 535703.87
A9: Conj. Alex | B9: CJU_CEUFAL | C9: Nordeste | D9: CE | E9: 46235 | F9: 2547.9 | G9: 0 | H9: 13331.7 | I9: 0 | J9: =SUM(F9:I9) -> 15879.6 | K9: 65658 | L9: =IFERROR(J9/K9,"") -> 0.24185324 | M9: 127.96 | N9: =J9*M9 -> 2031953.6
A10: Conj. Alex | B10: CJU_CEUFAL | C10: Nordeste | D10: CE | E10: 46266 | F10: 0 | G10: 0 | H10: 3597 | I10: 0 | J10: =SUM(F10:I10) -> 3597 | K10: 15177 | L10: =IFERROR(J10/K10,"") -> 0.23700336 | M10: 180.81 | N10: =J10*M10 -> 650373.57
A11: Conj. Araxá | B11: CJU_MGARX | C11: Sudeste/CO | D11: MG | E11: 46235 | F11: 0 | G11: 0 | H11: 7677.2 | I11: 0 | J11: =SUM(F11:I11) -> 7677.2 | K11: 20272 | L11: =IFERROR(J11/K11,"") -> 0.37870955 | M11: 129.26 | N11: =J11*M11 -> 992354.87
A12: Conj. Araxá | B12: CJU_MGARX | C12: Sudeste/CO | D12: MG | E12: 46266 | F12: 0 | G12: 0 | H12: 1402.9 | I12: 0 | J12: =SUM(F12:I12) -> 1402.9 | K12: 3874 | L12: =IFERROR(J12/K12,"") -> 0.36213216 | M12: 182.45 | N12: =J12*M12 -> 255959.11
A13: Conj. Arinos 2 500 kV | B13: CJU_MGARN | C13: Sudeste/CO | D13: MG | E13: 46235 | F13: 81.6 | G13: 0 | H13: 79729.6 | I13: 0 | J13: =SUM(F13:I13) -> 79811.2 | K13: 287941 | L13: =IFERROR(J13/K13,"") -> 0.27717901 | M13: 129.26 | N13: =J13*M13 -> 10316396
A14: Conj. Arinos 2 500 kV | B14: CJU_MGARN | C14: Sudeste/CO | D14: MG | E14: 46266 | F14: 0 | G14: 0 | H14: 20397.5 | I14: 0 | J14: =SUM(F14:I14) -> 20397.5 | K14: 57310 | L14: =IFERROR(J14/K14,"") -> 0.3559152 | M14: 182.45 | N14: =J14*M14 -> 3721523.9
A15: Conj. Assu Sol | B15: CJU_RNASO | C15: Nordeste | D15: RN | E15: 46235 | F15: 2729.5 | G15: 15000.9 | H15: 56979.8 | I15: 0 | J15: =SUM(F15:I15) -> 74710.2 | K15: 171861 | L15: =IFERROR(J15/K15,"") -> 0.43471294 | M15: 127.96 | N15: =J15*M15 -> 9559917.2
A16: Conj. Assu Sol | B16: CJU_RNASO | C16: Nordeste | D16: RN | E16: 46266 | F16: 0 | G16: 1073.1 | H16: 9813.7 | I16: 0 | J16: =SUM(F16:I16) -> 10886.8 | K16: 42315 | L16: =IFERROR(J16/K16,"") -> 0.25727992 | M16: 180.81 | N16: =J16*M16 -> 1968442.3
... A169: Sol do Piauí | B169: PISDP1 | C169: Nordeste | D169: PI | E169: 46266 | F169: 0 | G169: 0 | H169: 987 | I169: 0 | J169: =SUM(F169:I169) -> 987 | K169: 2561 | L169: =IFERROR(J169/K169,"") -> 0.38539633 | M169: 180.81 | N169: =J169*M169 -> 178459.47

Sheet PLD
A1: PLD médio semanal por submercado — CCEE Dados Abertos
A2: Semanas CCEE começam no sábado. Fonte: dadosabertos.ccee.org.br/dataset/pld_media_semanal (resource pld_media_semanal_2026).
A4: Semana (início) | B4: Submercado | C4: PLD (R$/MWh)
A5: 46228 | B5: Norte | C5: 146.19
A6: 46235 | B6: Norte | C6: 117.88
A7: 46242 | B7: Norte | C7: 128.48
A8: 46249 | B8: Norte | C8: 117.92
A9: 46256 | B9: Norte | C9: 125.37
A10: 46263 | B10: Norte | C10: 181.81
A11: 46228 | B11: Nordeste | C11: 146.13
A12: 46235 | B12: Nordeste | C12: 117.82
A13: 46242 | B13: Nordeste | C13: 128.4
A14: 46249 | B14: Nordeste | C14: 115.66
A15: 46256 | B15: Nordeste | C15: 121.7
A16: 46263 | B16: Nordeste | C16: 180.81
... A28: 46263 | B28: Sudeste/CO | C28: 182.45
